{
  "document_types": {
    "employee": {},
    "Aadhar": {
      "date_of_birth": {
        "regex_patterns": [
          "\\\\\\[\\[A\\-Za\\-z\\]\\+\\-\\[A\\-Za\\-z\\]\\+\\]\\+\\+/\\\\\\[\\[A\\-Za\\-z\\]\\+\\-\\[A\\-Za\\-z\\]\\+\\]\\+\\+/\\\\\\[\\[A\\-Za\\-z\\]\\+\\-\\[A\\-Za\\-z\\]\\+\\]\\+\\+"
        ],
        "position_patterns": [
          {
            "x_ratio": 0.34375,
            "y_ratio": 0.20333333333333334,
            "confidence": 88
          },
          {
            "x_ratio": 0.33875,
            "y_ratio": 0.5733333333333334,
            "confidence": 96
          },
          {
            "x_ratio": 0.565,
            "y_ratio": 0.31833333333333336,
            "confidence": 96
          },
          {
            "x_ratio": 0.56,
            "y_ratio": 0.335,
            "confidence": 96
          },
          {
            "x_ratio": 0.62375,
            "y_ratio": 0.34833333333333333,
            "confidence": 96
          }
        ],
        "context_patterns": [
          "fefel/DOB: 05/06/1997",
          "Fafa 21/08/2002",
          "mee 14/10/1997",
          "Sharma 09/10/1998",
          "Kumar 05/03/2000",
          "21/08/2002 DOB",
          "14/10/1997 date",
          "05/03/2000 MALE",
          "09/10/1998 yew",
          "05/06/1997 2"
        ]
      },
      "gender": {
        "regex_patterns": [
          "\\[\\[A\\-Za\\-z\\]\\+\\-\\[A\\-Za\\-z\\]\\+\\]\\+"
        ],
        "position_patterns": [
          {
            "x_ratio": 0.26625,
            "y_ratio": 0.23166666666666666,
            "confidence": 95
          },
          {
            "x_ratio": 0.315,
            "y_ratio": 0.45,
            "confidence": 95
          },
          {
            "x_ratio": 0.43875,
            "y_ratio": 0.36833333333333335,
            "confidence": 96
          },
          {
            "x_ratio": 0.4325,
            "y_ratio": 0.38333333333333336,
            "confidence": 96
          },
          {
            "x_ratio": 0.43875,
            "y_ratio": 0.41,
            "confidence": 96
          }
        ],
        "context_patterns": [
          "2 MALE",
          "MALE ij",
          "MALE Kamal",
          "MALE g",
          "MALE peojumog",
          "GAR MALE",
          "9 MALE",
          "/ MALE",
          "MALE 2",
          "yew MALE"
        ]
      },
      "name": {
        "regex_patterns": [
          "\\[\\[A\\-Za\\-z\\]\\+\\-\\[A\\-Za\\-z\\]\\+\\]\\+\\[\\[A\\-Za\\-z\\]\\+\\-\\[A\\-Za\\-z\\]\\+\\]\\+"
        ],
        "position_patterns": [
          {
            "x_ratio": 0.3725,
            "y_ratio": 0.2683333333333333,
            "confidence": 92
          }
        ],
        "context_patterns": [
          "Tahzeen 3",
          "= Tahzeen"
        ]
      }
    },
    "Aadhar1": {
      "date_of_birth": {
        "regex_patterns": [
          "\\\\\\[\\[A\\-Za\\-z\\]\\+\\-\\[A\\-Za\\-z\\]\\+\\]\\+\\+",
          "\\\\\\[\\[A\\-Za\\-z\\]\\+\\-\\[A\\-Za\\-z\\]\\+\\]\\+\\+/\\\\\\[\\[A\\-Za\\-z\\]\\+\\-\\[A\\-Za\\-z\\]\\+\\]\\+\\+/\\\\\\[\\[A\\-Za\\-z\\]\\+\\-\\[A\\-Za\\-z\\]\\+\\]\\+\\+"
        ],
        "position_patterns": [
          {
            "x_ratio": 0.39125,
            "y_ratio": 0.245,
            "confidence": 87
          },
          {
            "x_ratio": 0.28375,
            "y_ratio": 0.17666666666666667,
            "confidence": 85
          },
          {
            "x_ratio": 0.34375,
            "y_ratio": 0.20333333333333334,
            "confidence": 88
          },
          {
            "x_ratio": 0.62375,
            "y_ratio": 0.34833333333333333,
            "confidence": 96
          }
        ],
        "context_patterns": [
          "1993 ade",
          "Fafa 21/08/2002",
          "09/10/1998 yew",
          "11/10/1997 FEMALE",
          "21/08/2002 DOB",
          "Sharma 09/10/1998",
          ": 1993",
          "Vishal 11/10/1997"
        ]
      },
      "gender": {
        "regex_patterns": [
          "\\[\\[A\\-Za\\-z\\]\\+\\-\\[A\\-Za\\-z\\]\\+\\]\\+\\[\\[A\\-Za\\-z\\]\\+\\-\\[A\\-Za\\-z\\]\\+\\]\\+",
          "\\[\\[A\\-Za\\-z\\]\\+\\-\\[A\\-Za\\-z\\]\\+\\]\\+"
        ],
        "position_patterns": [
          {
            "x_ratio": 0.22625,
            "y_ratio": 0.2783333333333333,
            "confidence": 93
          },
          {
            "x_ratio": 0.2,
            "y_ratio": 0.21166666666666667,
            "confidence": 80
          },
          {
            "x_ratio": 0.26625,
            "y_ratio": 0.23166666666666666,
            "confidence": 95
          },
          {
            "x_ratio": 0.43875,
            "y_ratio": 0.41,
            "confidence": 96
          }
        ],
        "context_patterns": [
          "MALE peojumog",
          "11/10/1997 Female",
          "yew MALE",
          "Male 4015",
          "/ Male",
          "Female a",
          "/ MALE",
          "MALE ij"
        ]
      }
    }
  },
  "field_patterns": {},
  "training_history": [
    {
      "session_id": "employee_id_card_20260101_184906",
      "document_type": "employee",
      "samples_count": 3,
      "learned_at": "2026-01-01T18:49:06.647118"
    },
    {
      "session_id": "Aadhar_20260101_185732",
      "document_type": "Aadhar",
      "samples_count": 2,
      "learned_at": "2026-01-01T18:59:58.200805"
    },
    {
      "session_id": "Aadhar_20260101_190036",
      "document_type": "Aadhar",
      "samples_count": 2,
      "learned_at": "2026-01-01T19:01:38.918383"
    },
    {
      "session_id": "Aadhar_20260101_190518",
      "document_type": "Aadhar",
      "samples_count": 2,
      "learned_at": "2026-01-01T19:06:54.744534"
    },
    {
      "session_id": "Aadhar_20260101_190926",
      "document_type": "Aadhar",
      "samples_count": 5,
      "learned_at": "2026-01-01T19:12:59.090142"
    },
    {
      "session_id": "Aadhar1_20260101_193754",
      "document_type": "Aadhar1",
      "samples_count": 4,
      "learned_at": "2026-01-01T19:40:35.252207"
    }
  ]
}